"taxon","lfc_(Intercept)","lfc_Will_Develop_CeliacTRUE","se_(Intercept)","se_Will_Develop_CeliacTRUE","W_(Intercept)","W_Will_Develop_CeliacTRUE","p_(Intercept)","p_Will_Develop_CeliacTRUE","q_(Intercept)","q_Will_Develop_CeliacTRUE","diff_(Intercept)","diff_Will_Develop_CeliacTRUE","passed_ss_(Intercept)","passed_ss_Will_Develop_CeliacTRUE","diff_robust_(Intercept)","diff_robust_Will_Develop_CeliacTRUE","sig_pq"
"ACGTAGGGTGCAAGCGTTATCCGGAATTATTGGGCGTAAAGGGCTCGTAGGCGGTTCGTCGCGTCCGGTGTGAAAGTCCATCGCTTAACGGTGG",0.0345263339841524,-0.277117926532763,0.146467612271835,0.237847818554194,0.235726748382254,-1.16510602542954,0.814385867307943,0.248234103413173,0.892841134095828,0.476121149169529,FALSE,FALSE,TRUE,TRUE,FALSE,FALSE,FALSE
"ACGGAGGGTGCAAGCGTTAATCGGAATTACTGGGCGTAAAGCGCACGCAGGCGGTTTGTTAAGTCAGATGTGAAATCCCCGGGCTCAACCTGGGA",-0.181954230166281,0.0930638962054013,0.375762351299077,0.527292486301075,-0.484226877805169,0.176493878868328,0.630017547529962,0.860510399403854,0.819022811788951,0.91527015209319,FALSE,FALSE,TRUE,TRUE,FALSE,FALSE,FALSE
"ACGTAGGGGGCAAGCGTTATCCGGATTTACTGGGTGTAAAGGGAGCGTAGACGGTGTGGCAAGTCTGATGTGAAAGGCATGGGCTCAACCTGTGG",-0.21008025651699,0.28375641323132,0.180127982145261,0.263326895439104,-1.16628329488294,1.07758234402205,0.247966659386472,0.285395082515201,0.44633998689565,0.506420728488996,FALSE,FALSE,TRUE,TRUE,FALSE,FALSE,FALSE
"ACGTAGGGGGCAAGCGTTATCCGGATTTACTGGGTGTAAAGGGAGCGTAGACGGCATGGCAAGCCAGATGTGAAAGCCCGGGGCTCAACCCCGGG",-0.291631801642354,0.224235454063598,0.206920939593492,0.289832731807527,-1.4093875767976,0.773671947489042,0.165749575618426,0.44326188335538,0.334356902540618,0.664892825033071,FALSE,FALSE,TRUE,TRUE,FALSE,FALSE,FALSE
"ACGTAGGGGGCGAGCGTTATCCGGATTCATTGGGCGTAAAGCGCGCGTAGGCGGCCCGGCAGGCCGGGGGTCGAAGCGGGGGGCTCAACCCCCC",0.015142340244835,-0.0180517408108076,0.128339178971893,0.217410681386027,0.117986887294575,-0.0830306068484074,0.906615030530714,0.934203799408934,0.943483565452498,0.942257280438321,FALSE,FALSE,TRUE,TRUE,FALSE,FALSE,FALSE
"ACGTAGGTGGCAAGCGTTGTCCGGAATTATTGGGCGTAAAGCGCGCGCAGGCGGATTGGTCAGTCTGTCTTAAAAGTTCGGGGCTTAACCCCGT",-0.498549488306271,0.472762700115414,0.103773570765502,0.21803257287146,-4.8042048146618,2.16831225669261,0.000194651210097252,0.0455554312821509,0.00219663983427424,0.166562045625364,TRUE,FALSE,FALSE,TRUE,FALSE,FALSE,FALSE
"ACGGAGGATCCGAGCGTTATCCGGATTTATTGGGTTTAAAGGGAGCGTAGATGGATGTTTAAGTCAGTTGTGAAAGTTTGCGGCTCAACCGTAAA",-0.177909187136385,0.255871170088229,0.222173513651507,0.325466718537254,-0.800766861055483,0.786166927414855,0.426426187676755,0.434863654286095,0.615948937755313,0.664892825033071,FALSE,FALSE,TRUE,TRUE,FALSE,FALSE,FALSE
"ACGTAGGTCCCGAGCGTTGTCCGGATTTATTGGGCGTAAAGCGAGCGCAGGCGGTTTGATAAGTCTGAAGTTAAAGGCTGTGGCTCAACCATAG",-0.541121383385612,0.872191194136813,0.1978198760582,0.307787353074477,-2.7354247417808,2.83374604389857,0.00841166680598096,0.0064569211831654,0.0364505561592508,0.0377729889215176,TRUE,TRUE,FALSE,FALSE,FALSE,FALSE,TRUE
"ACGTAGGGGGCAAGCGTTATCCGGAATTACTGGGTGTAAAGGGTGCGTAGGTGGTATGGCAAGTCAGAAGTGAAAACCCAGGGCTTAACTCTGGG",-0.195484341215925,0.269695258878582,0.152879632925541,0.238717860818244,-1.27868138793304,1.12976573245989,0.20601621464746,0.263147214961399,0.382601541488139,0.488701970642598,FALSE,FALSE,TRUE,TRUE,FALSE,FALSE,FALSE
"ACGGAGGGTGCAAGCGTTAATCGGAATTACTGGGCGTAAAGCGCACGCAGGCGGTCTGTCAAGTCGGATGTGAAATCCCCGGGCTCAACCTGGGA",-0.60859905828524,0.480977520694088,0.0944808335228589,0.242670107072007,-6.44150814078068,1.98202212253267,4.79786501043365e-05,0.0730164508687124,0.000870911548070897,0.213767958881063,TRUE,FALSE,FALSE,TRUE,FALSE,FALSE,FALSE
"ACGTAGGTCACAAGCGTTGTCCGGAATTACTGGGTGTAAAGGGAGCGCAGGCGGGAGAACAAGTTGGAAGTGAAATCCATGGGCTCAACCCATGA",-0.229559541374965,0.290262473584115,0.221552152444988,0.342426386658307,-1.036142230358,0.847663862638471,0.30443654022797,0.400109717966277,0.516218481256124,0.632605905433167,FALSE,FALSE,TRUE,TRUE,FALSE,FALSE,FALSE
"ACGTAGGTGGCAAGCGTTGTCCGGAATTATTGGGCGTAAAGCGCGCGCAGGCGGATCAGTCAGTCTGTCTTAAAAGTTCGGGGCTTAACCCCGT",-0.484444001087677,0.756598642458787,0.0727302271900595,0.181902155249165,-6.66083442612824,4.1593715116922,5.63265937619935e-05,0.00195068396669862,0.000870911548070897,0.0190191686753116,TRUE,TRUE,FALSE,FALSE,FALSE,FALSE,TRUE
"ACGGAGGATCCGAGCGTTATCCGGATTTATTGGGTTTAAAGGGAGCGTAGGTGGATTGTTAAGTCAGTTGTGAAAGTTTGCGGCTCAACCGTAAA",-0.154596876878121,0.164847036112867,0.153804542744711,0.242856211147402,-1.00515156522214,0.678784517530056,0.320865938359927,0.501183113184827,0.528750912508612,0.690957310620896,FALSE,FALSE,TRUE,TRUE,FALSE,FALSE,FALSE
"ACGTAGGTCACAAGCGTTGTCCGGAATTACTGGGTGTAAAGGGAGCGCAGGCGGGAAGACAAGTTGGAAGTGAAATCTATGGGCTCAACCCATAA",-0.0360352135309785,0.044113482187758,0.180513063246071,0.297933467477371,-0.199626624705028,0.148064876904467,0.842536547435196,0.882853455048969,0.904374092201082,0.915782474287805,FALSE,FALSE,TRUE,TRUE,FALSE,FALSE,FALSE
"ACGTATGGTGCAAGCGTTATCCGGATTTACTGGGTGTAAAGGGAGCGCAGGCGGTGCGGCAAGTCTGATGTGAAAGCCCGGGGCTCAACCCCGGT",-0.017866747559445,0.0965982472716424,0.125701666293454,0.228462895129605,-0.142136123460246,0.422818100142009,0.887606958995388,0.67444171262203,0.935585713535679,0.79782861710482,FALSE,FALSE,TRUE,TRUE,FALSE,FALSE,FALSE
"ACGGAGGATCCGAGCGTTATCCGGATTTATTGGGTTTAAAGGGAGCGTAGGTGGACTGGTAAGTCAGTTGTGAAAGTTTGCGGCTCAACCGTAAA",-0.4540642848129,0.522880065175542,0.110245973107853,0.226222459239034,-4.11864734840422,2.31135346567447,0.000305462604987868,0.0283900813696329,0.00297826039863171,0.123023685935076,TRUE,FALSE,FALSE,TRUE,FALSE,FALSE,FALSE
"ACGTAGGGCGCAAGCGTTATCCGGATTTATTGGGCGTAAAGGGCTCGTAGGCGGCTCGTCGCGTCCGGTGTGAAAGTCCATCGCTTAACGGTGGA",-0.213770358963257,0.320578622763388,0.111097644699187,0.199231331647273,-1.92416643522977,1.60907734798939,0.0653447247550416,0.119676008212846,0.169896284363108,0.297916871508574,FALSE,FALSE,TRUE,TRUE,FALSE,FALSE,FALSE
"ACGTAGGGGGCTAGCGTTATCCGGAATTACTGGGCGTAAAGGGTGCGTAGGTGGTTTCTTAAGTCAGAGGTGAAAGGCTACGGCTCAACCGTAG",0.265371286424895,-0.57338583784133,0.140551057995326,0.306963790849673,1.88807747312524,-1.86792662500747,0.0648249455915182,0.0676383229776092,0.169896284363108,0.213767958881063,FALSE,FALSE,TRUE,TRUE,FALSE,FALSE,FALSE
"ACGGAGGATCCGAGCGTTATCCGGATTTATTGGGTTTAAAGGGAGCGTAGGCGGACGCTTAAGTCAGTTGTGAAAGTTTGCGGCTCAACCGTAAA",-0.316382760480051,0.408949952327009,0.152162704958997,0.253413197090724,-2.07923985424225,1.61376738473727,0.0425440143334968,0.112630699836891,0.12763204300049,0.297916871508574,FALSE,FALSE,TRUE,TRUE,FALSE,FALSE,FALSE
"ACGTAGGTGGCGAGCGTTGTCCGGATTTACTGGGCGTAAAGGGAGCGTAGGCGGACTTTTAAGTGAGATGTGAAATACCCGGGCTCAACTTGGGT",0.0454541856339735,-0.215447741146729,0.182970948466192,0.298391307432418,0.248422965585557,-0.722030889574509,0.805110668539339,0.474582701333017,0.892841134095828,0.685508346369914,FALSE,FALSE,TRUE,TRUE,FALSE,FALSE,FALSE
"ACGTAGGGGGCAAGCGTTATCCGGATTTACTGGGTGTAAAGGGAGCGTAGACGGATGGACAAGTCTGATGTGAAAGGCTGGGGCTCAACCCCGGG",-0.0487956826924263,0.124378557894229,0.117297785771603,0.215363152463701,-0.415998327431679,0.577529426326507,0.67922762582273,0.566226319266647,0.819274558982056,0.738338561798132,FALSE,FALSE,TRUE,TRUE,FALSE,FALSE,FALSE
"ACGTATGGAGCAAGCGTTATCCGGATTTACTGGGTGTAAAGGGTGCGTAGGTGGCAGTGCAAGTCAGATGTGAAAGGCCGGGGCTCAACCCCGGA",-0.0721698059628867,0.119381625716553,0.111069838706773,0.207718023217571,-0.649769611653227,0.574729259730672,0.518701255166916,0.567952739844717,0.705674963424758,0.738338561798132,FALSE,FALSE,TRUE,TRUE,FALSE,FALSE,FALSE
"ACGTAGGGGGCAAGCGTTATCCGGATTTACTGGGTGTAAAGGGAGCGTAGACGGCAAGGCAAGTCTGATGTGAAAACCCAGGGCTTAACCCTGGG",0.0330378815353639,-0.11684442353961,0.160861774545506,0.252775532900697,0.205380561222255,-0.462245780668624,0.838047076708645,0.645762186445463,0.904374092201082,0.79782861710482,FALSE,FALSE,TRUE,TRUE,FALSE,FALSE,FALSE
"ACGTATGGTGCAAGCGTTATCCGGATTTACTGGGTGTAAAGGGAGCGTAGACGGAGTGGCAAGTCTGATGTGAAAACCCGGGGCTCAACCCCGGG",0.0677105297596989,-0.0689614949223159,0.120706087578384,0.224590156555973,0.56095372750549,-0.307054841493595,0.578038054918387,0.760435233297039,0.768527868471037,0.855489637459169,FALSE,FALSE,TRUE,TRUE,FALSE,FALSE,FALSE
"ACGTAGGTGGCAAGCGTTGTCCGGATTTATTGGGCGTAAAGCGAGCGCAGGCGGTTTCTTAAGTCTGATGTGAAAGCCCCCGGCTCAACCGGGGA",0.211507577535814,-0.814510966270294,0.0866619730107067,0.185577798360996,2.44060422568135,-4.38905393567535,0.0327875731084984,0.00108269840574533,0.100951211939324,0.0151399986918016,FALSE,TRUE,TRUE,FALSE,FALSE,FALSE,TRUE
"ACGTAGGGGGCTAGCGTTATCCGGATTTACTGGGCGTAAAGGGTGCGTAGGCGGTCTTTTAAGTCAGGAGTGAAAGGCTACGGCTCAACCGTAG",-0.182212230452685,0.211296913325018,0.193117527341728,0.283091800134542,-0.943530258288022,0.746390086977429,0.349773096413364,0.458793096878947,0.553019625410319,0.670984904185459,FALSE,FALSE,TRUE,TRUE,FALSE,FALSE,FALSE
"ACGTAGGGAGCAAGCGTTGTCCGGATTTACTGGGTGTAAAGGGTGCGTAGGCGGCTTTGCAAGTCAGATGTGAAATCTATGGGCTCAACCCATAA",-0.259658233439004,0.414274343619082,0.165986596782876,0.269456212376849,-1.5643325332988,1.53744588022226,0.125617468382808,0.132057779624945,0.267222614559791,0.315321637063643,FALSE,FALSE,TRUE,TRUE,FALSE,FALSE,FALSE
"ACGTAGGTGGCGAGCGTTGTCCGGATTTACTGGGCGTAAAGGGAGCGTAGGCGGATTTTTAAGTGAGATGTGAAATACTCGGGCTTAACCTGAGT",-0.0370717288922318,0.0143124970377938,0.135933498424946,0.24609181990793,-0.272719596874794,0.0581591742592198,0.78676813270418,0.953972593867776,0.892841134095828,0.953972593867776,FALSE,FALSE,TRUE,TRUE,FALSE,FALSE,FALSE
"ACGTAGGTGGCAAGCGTTGTCCGGAATTATTGGGCGTAAAGCGCGCGCAGGCGGCTTCCCAAGTCCCTCTTAAAAGTGCGGGGCTTAACCCCGTG",0.117671665502773,-0.276723255272568,0.14363264996558,0.254404898452331,0.819254295809286,-1.08772770082656,0.419323493870202,0.285673231455331,0.615948937755313,0.506420728488996,FALSE,FALSE,TRUE,TRUE,FALSE,FALSE,FALSE
"ACGTATGGTGCAAGCGTTATCCGGATTTACTGGGTGTAAAGGGAGCGTAGACGGTTGTGTAAGTCTGATGTGAAAGCCCGGGGCTCAACCCCGGG",-0.251883454732278,0.16120865519892,0.0880873948423471,0.196673973290479,-2.85947217741065,0.819674573619472,0.00911325874700541,0.421193548594616,0.0380804026214155,0.657061935807601,TRUE,FALSE,FALSE,TRUE,FALSE,FALSE,FALSE
"ACAGAGGTCTCAAGCGTTGTTCGGAATCACTGGGCGTAAAGCGTGCGTAGGCTGTTTCGTAAGTCGTGTGTGAAAGGCGCGGGCTCAACCCGCGG",-0.331033986894208,0.480368415390215,0.247928824059135,0.375729116834724,-1.33519766469449,1.27849664523476,0.190949620445474,0.20999331729267,0.360340412776136,0.438736037915042,FALSE,FALSE,TRUE,TRUE,FALSE,FALSE,FALSE
"ACGTAGGGTGCAAGCGTTGTCCGGAATTACTGGGTGTAAAGGGAGCGCAGGCGGACCGGCAAGTTGGAAGTGAAAACTATGGGCTCAACCCATAA",0.218211173694375,-0.368767005089232,0.149850581601301,0.264334124471098,1.45619170351275,-1.3950790720914,0.15198779297804,0.169549928818261,0.317545924614834,0.381487339841088,FALSE,FALSE,TRUE,TRUE,FALSE,FALSE,FALSE
"ACGTAGGGGGCAAGCGTTATCCGGATTTACTGGGTGTAAAGGGAGCGTAGACGGCACGGCAAGCCAGATGTGAAAGCCCGGGGCTCAACCCCGGG",-0.0459422902171728,0.126198482887435,0.110160944630667,0.202758181473986,-0.417046988578413,0.622408831890346,0.678503402015495,0.536618781751504,0.819274558982056,0.713459062101431,FALSE,FALSE,TRUE,TRUE,FALSE,FALSE,FALSE
"ACGTAGGTGACAAGCGTTGTCCGGATTTACTGGGTGTAAAGGGCGCGTAGGCGGACTGTCAAGTCAGTCGTGAAATACCGGGGCTTAACCCCGG",0.216363538468838,-0.45458649449922,0.120766731705234,0.256888455787259,1.79158229599965,-1.76958708831854,0.0804070786182658,0.0840561677075459,0.191992412210961,0.23986760053129,FALSE,FALSE,TRUE,TRUE,FALSE,FALSE,FALSE
"ACGTAGGGGGCAAGCGTTATCCGGATTTACTGGGTGTAAAGGGAGCGTAGACGGCGCAGCAAGTCTGATGTGAAAGGCAGGGGCTTAACCCCTGG",-0.0343493637407736,0.0556020040763438,0.143349426289293,0.245499065133951,-0.23961982011322,0.226485604114239,0.811567025446497,0.821711716323403,0.892841134095828,0.882020833117781,FALSE,FALSE,TRUE,TRUE,FALSE,FALSE,FALSE
"ACGTAGGTGGCAAGCGTTGTCCGGATTTACTGGGCGTAAAGGGAGCGTAGGCGGACTTTTAAGTGAGATGTGAAATACCCGGGCTCAACTTGGGT",-0.438369628758288,0.93906703016488,0.093045594324966,0.182598646493826,-4.71134213219449,5.14279294067292,0.00151904060339835,0.000882098596897494,0.00987376392208926,0.0147436479767153,TRUE,TRUE,FALSE,FALSE,FALSE,FALSE,TRUE
"ACGGAGGATCCGAGCGTTATCCGGATTTATTGGGTTTAAAGGGAGCGTAGGTGGACAGTTAAGTCAGTTGTGAAAGTTTGCGGCTCAACCGTAAA",-0.173199296183994,0.1432223148784,0.105088389695962,0.213427056605007,-1.64812970000861,0.67105978574902,0.110915944603025,0.507883151396556,0.252038047291262,0.690957310620896,FALSE,FALSE,TRUE,TRUE,FALSE,FALSE,FALSE
"ACGGAGGATCCGAGCGTTATCCGGATTTATTGGGTTTAAAGGGAGCGTAGGCGGATTGTTAAGTCAGTTGTGAAAGTTTGCGGCTCAACCGTAAA",-0.0132945494011116,-0.0710364785665949,0.118242406016831,0.205558856648982,-0.112434699605311,-0.345577318947141,0.91122771706096,0.732071987235439,0.943483565452498,0.831576917539285,FALSE,FALSE,TRUE,TRUE,FALSE,FALSE,FALSE
"ACGTAGGGGGCAAGCGTTATCCGGATTTACTGGGTGTAAAGGGAGCGTAGACGGCGAAGCAAGTCTGAAGTGAAAACCCAGGGCTCAACCCTGGG",-0.340071178117034,0.15636368944652,0.102660305966894,0.20036268473399,-3.31258683591591,0.780403245515076,0.00303675024904936,0.443111611256778,0.0177649889569387,0.664892825033071,TRUE,FALSE,FALSE,TRUE,FALSE,FALSE,FALSE
"ACGTAGGGAGCGAGCGTTATCCGGATTCATTGGGCGTAAAGAGCGCGTAGGCGGCCTCTCAAGCGGGATCTCTAATCCGAGGGCTCAACCCCCGG",-0.251780732852617,0.0962917557818004,0.12880700197896,0.222109585845663,-1.95471309000535,0.433532642975214,0.0588795545884436,0.667366196778918,0.160793968364898,0.79782861710482,FALSE,FALSE,TRUE,TRUE,FALSE,FALSE,FALSE
"ACGTAGGGGGCAAGCGTTATCCGGATTTACTGGGTGTAAAGGGAGCGTAGACGGAGCAGCAAGTCTGATGTGAAAACCCGGGGCTCAACCCCGGG",-0.0651780849173071,0.0752701717964578,0.0634702220094022,0.176938778329874,-1.02690809727516,0.425402348241202,0.316724240161672,0.675085752934848,0.528750912508612,0.79782861710482,FALSE,FALSE,TRUE,TRUE,FALSE,FALSE,FALSE
"ACGTATGGTGCAAGCGTTATCCGGATTTACTGGGTGTAAAGGGAGCGCAGGCGGTACGGCAAGTCTGATGTGAAAGCCCGGGGCTCAACCCCGGT",0.117133809051846,-0.373399392659617,0.0854223584189482,0.208827370751495,1.37123127035865,-1.788076875727,0.189229860650845,0.0927154015477495,0.360340412776136,0.258278618597302,FALSE,FALSE,TRUE,TRUE,FALSE,FALSE,FALSE
"ACGTAGGGGGCAAGCGTTATCCGGATTTACTGGGTGTAAAGGGAGCGTAGACGGACTGGCAAGTCTGATGTGAAAGGCGGGGGCTCAACCCCTGG",0.334016624779148,-0.576869247969848,0.134971711579352,0.256340040366633,2.47471578207537,-2.25040632413405,0.0176716101789359,0.0299907089059426,0.0626538906344091,0.125318319356974,FALSE,FALSE,TRUE,TRUE,FALSE,FALSE,FALSE
"ACGTAGGTCCCGAGCGTTATCCGGATTTATTGGGCGTAAAGCGAGCGCAGGCGGTTAGATAAGTCTGAAGTTAAAGGCTGTGGCTTAACCATAGT",-0.396721482032394,0.231317564451934,0.090692283186484,0.189091097423317,-4.37436866835345,1.22331282436891,0.000365620479414321,0.236985672547845,0.00329058431472888,0.469954638781319,TRUE,FALSE,FALSE,TRUE,FALSE,FALSE,FALSE
"ACGTAGGGTGCAAGCGTTGTCCGGAATTACTGGGTGTAAAGGGAGCGCAGGCGGGAAGACAAGTTGGAAGTGAAAACCATGGGCTCAACCCATGA",0.471769270925712,-1.13756774109991,0.155988333354954,0.239629303450544,3.02438817557075,-4.7471979625175,0.00471757243502537,3.64488462348501e-05,0.0239980858651291,0.0010135729605623,TRUE,TRUE,FALSE,FALSE,FALSE,FALSE,TRUE
"ACGTAGGGGGCAAGCGTTATCCGGATTTACTGGGTGTAAAGGGAGCGTAGACGGAAGAGCAAGTCTGATGTGAAAGGCTGGGGCTTAACCCCAGG",-0.263682835247428,-0.104221689901531,0.104066430971797,0.20982272960788,-2.53379339317296,-0.49671305914427,0.0238550745297663,0.627099827917113,0.0783251607673074,0.79782861710482,FALSE,FALSE,TRUE,TRUE,FALSE,FALSE,FALSE
"ACGTAGGGGGCAAGCGTTATCCGGATTTACTGGGTGTAAAGGGAGCGTAGACGGCTGTGCAAGTCTGAAGTGAAAGGCATGGGCTCAACCTGTGG",-0.0521828606870089,0.0183320937871295,0.121681645663229,0.201663753827529,-0.428847427256467,0.0909042574046691,0.669679499285247,0.927893050626273,0.819274558982056,0.942257280438321,FALSE,FALSE,TRUE,TRUE,FALSE,FALSE,FALSE
"ACGTATGGTGCAAGCGTTATCCGGATTTACTGGGTGTAAAGGGAGCGTAGACGGATAGGCAAGTCTGGAGTGAAAACCCAGGGCTCAACCCTGGG",-0.373540535559255,0.24862559796427,0.13538732444337,0.21683910788167,-2.75905101969498,1.146590208718,0.0109172418775669,0.26285428803309,0.0411180927937876,0.488701970642598,TRUE,FALSE,FALSE,TRUE,FALSE,FALSE,FALSE
"ACGTAGGTGGCAAGCGTTATCCGGAATTATTGGGCGTAAAGAGGGAGCAGGCGGCAGCAAGGGTCTGTGGTGAAAGCCTGAAGCTTAACTTCAGT",-0.193532081634065,-0.314771454159842,0.132943985989717,0.225282755010996,-1.45574153048964,-1.39722835928777,0.158979227198107,0.175679857735183,0.326325782143484,0.387821572736158,FALSE,FALSE,TRUE,TRUE,FALSE,FALSE,FALSE
"ACGTAGGGGGCAAGCGTTATCCGGAATTACTGGGTGTAAAGGGTGCGTAGGTGGCATGGTAAGTCAGAAGTGAAAGCCCGGGGCTTAACCCCGGG",-0.479496070459741,-0.421976109731414,0.11651886247807,0.200130696338716,-4.11517981090819,-2.10850268075433,0.00336649793147315,0.0680316229424712,0.0187562027610647,0.213767958881063,TRUE,FALSE,FALSE,TRUE,FALSE,FALSE,FALSE
"ACGTATGGTGCAAGCGTTATCCGGATTTACTGGGTGTAAAGGGAGCGCAGGCGGAAGGCTAAGTCTGATGTGAAAGCCCGGGGCTCAACCCCGGT",-0.0335973114580133,-0.0262605094264559,0.0791517961472726,0.178403476562754,-0.424466823159653,-0.147197296445166,0.674856042151426,0.88415696395263,0.819274558982056,0.915782474287805,FALSE,FALSE,TRUE,TRUE,FALSE,FALSE,FALSE
"ACGTATGGAGCAAGCGTTATCCGGATTTACTGGGTGTAAAGGGAGTGTAGGTGGCCATGCAAGTCAGAAGTGAAAATCCGGGGCTCAACCCCGGA",0.0554138107024966,-0.218234593613782,0.128483724301379,0.24574318590788,0.431290507835176,-0.888059592812434,0.668828944828429,0.380403930259945,0.819274558982056,0.617467185180472,FALSE,FALSE,TRUE,TRUE,FALSE,FALSE,FALSE
"ACGTAGGGGGCAAGCGTTATCCGGATTTACTGGGTGTAAAGGGAGCGTAGACGGAGCAGCAAGTCTGATGTGAAAGGCGGGGGCTCAACCCCCGG",0.14502230002234,-0.572900637857802,0.0872212670391912,0.193453098376674,1.66269425961419,-2.96144462231513,0.11368812958625,0.00835668295377448,0.252038047291262,0.0465586621710292,FALSE,TRUE,TRUE,FALSE,FALSE,FALSE,TRUE
"ACGTAGGGGGCAAGCGTTATCCGGATTTACTGGGTGTAAAGGGAGCGTAGACGGAATGGCAAGTCTGATGTGAAAGGCCGGGGCTCAACCCCGGG",0.304383105081695,-0.548118385990284,0.0843423502986073,0.182949970551373,3.60889996548651,-2.99600149887081,0.00110453563060314,0.00544443546034999,0.00760180404591574,0.0350513185088836,TRUE,TRUE,FALSE,FALSE,FALSE,FALSE,TRUE
"ACGTATGGGGCGAGCGTTATCCGGATTCATTGGGCGTAAAGCGCGCGTAGGCGGAGCGCTAAGCGGGACCTCTAACCCGAGGGCTCAACCCCCGG",-0.0880817844777902,0.549361612414759,0.0779694600858676,0.168005370478725,-1.12969596532778,3.26990506820926,0.291336109790512,0.0113578252743768,0.508751117096864,0.0571444969368783,FALSE,FALSE,TRUE,TRUE,FALSE,FALSE,FALSE
"ACGTAGGGAGCAAGCGTTATCCGGATTTACTGGGTGTAAAGGGCGCGCAGGCGGGCCGGTAAGTTGGAAGTGAAATCTATGGGCTTAACCCATAA",0.0314467484806532,-0.0786055206942938,0.111927820001045,0.201196945647912,0.280955605857057,-0.390689433386583,0.780810165593393,0.698983629788516,0.892841134095828,0.809731505851876,FALSE,FALSE,TRUE,TRUE,FALSE,FALSE,FALSE
"ACAGAGGTCTCAAGCGTTGTTCGGAATCACTGGGCGTAAAGCGTGCGTAGGCGGTTTCGTAAGTCGTGTGTGAAAGGCGGGGGCTCAACCCCCGG",-0.0260179270515293,-0.56074061159099,0.158489816408777,0.237744553378651,-0.164161506657461,-2.35858447069409,0.872874645891835,0.040049859636958,0.92842121426677,0.151155921855616,FALSE,FALSE,TRUE,TRUE,FALSE,FALSE,FALSE
"ACGTAGGGGGCTAGCGTTATCCGGATTTACTGGGCGTAAAGGGTGCGTAGGTGGTTTCTTAAGTCAGGAGTGAAAGGCTACGGCTCAACCGTAGT",-0.120941089561046,0.218424793258777,0.122391566430271,0.215862420470119,-0.988148882218516,1.01187039774259,0.332187074094434,0.320924606309643,0.539803995403455,0.552179102032769,FALSE,FALSE,TRUE,TRUE,FALSE,FALSE,FALSE
"ACGGAGGATCCGAGCGTTATCCGGATTTATTGGGTTTAAAGGGTGCGTAGGCGGCCTTTTAAGTCAGCGGTGAAAGTCTGTGGCTCAACCATAGA",-0.158227812747245,0.198355289152923,0.0680737327736123,0.16552662453035,-2.32435928368218,1.19832860553835,0.0590952191426549,0.275970330963507,0.160793968364898,0.504508261292661,FALSE,FALSE,TRUE,TRUE,FALSE,FALSE,FALSE
"ACGTAGGTGGCGAGCGTTATCCGGAATTATTGGGCGTAAAGAGCGCGCAGGTGGTTGATTAAGTCTGATGTGAAAGCCCACGGCTTAACCGTGGA",0.184542539341526,-0.397797836369793,0.191111718210678,0.277577291672333,0.965626498831901,-1.43310655555849,0.339892591602503,0.15940921760176,0.544759359143738,0.365703499204037,FALSE,FALSE,TRUE,TRUE,FALSE,FALSE,FALSE
"ACGTAGGTGGCAAGCGTTATCCGGATTTACTGGGTGTAAAGGGCGTGTAGGCGGGATTGCAAGTCAGATGTGAAAACTGGGGGCTCAACCTCCAG",-0.160019195265469,-0.161221708272771,0.0868056441834889,0.209989952380115,-1.84341924733859,-0.767759154404369,0.0776516290571353,0.450118534554215,0.189275845826767,0.666631247377761,FALSE,FALSE,TRUE,TRUE,FALSE,FALSE,FALSE
"ACGTATGGTGCAAGCGTTATCCGGATTTACTGGGTGTAAAGGGAGCGTAGACGGATGGGCAAGTCTGATGTGAAAACCCGGGGCTCAACCCCGGG",-0.410069947225749,0.60921951002233,0.111499046361282,0.197175292425038,-3.67778882966433,3.08973554713476,0.000917941305639008,0.00429526899851991,0.00671244579748525,0.0314091545516768,TRUE,TRUE,FALSE,FALSE,FALSE,FALSE,TRUE
"ACGGAGGGTGCGAGCGTTAATCGGAATAACTGGGCGTAAAGGGCACGCAGGCGGTGACTTAAGTGAGGTGTGAAAGCCCCGGGCTTAACCTGGGA",-0.216520371844945,0.0706401974719484,0.156200609277841,0.274918337363375,-1.38616854854779,0.256949747875782,0.174991007020428,0.798812908066648,0.347016064769323,0.873468320035494,FALSE,FALSE,TRUE,TRUE,FALSE,FALSE,FALSE
"ACGTATGGTGCAAGCGTTATCCGGATTTACTGGGTGTAAAGGGAGCGTAGACGGCTGTGTAAGTCTGAAGTGAAAGCCCGGGGCTCAACCCCGGG",0.111053106175192,-0.12120068085604,0.0972768651962626,0.186499077822858,1.1416188828776,-0.649872815838582,0.262354502734677,0.520561421651759,0.465082982120565,0.700065360152366,FALSE,FALSE,TRUE,TRUE,FALSE,FALSE,FALSE
"ACGTAGGTGGCAAGCGTTATCCGGAATCATTGGGCGTAAAGGGTGCGTAGGTGGCGTACTAAGTCTGTAGTAAAAGGCAATGGCTCAACCATTGT",-0.176110890992929,-0.266715531751131,0.108481789908117,0.196453448522595,-1.62341431812743,-1.35765258261911,0.118128798534661,0.187746192431745,0.255945730158433,0.406783416935447,FALSE,FALSE,TRUE,TRUE,FALSE,FALSE,FALSE
"ACGTAGGTCACAAGCGTTGTCCGGAATTACTGGGTGTAAAGGGAGCGCAGGCGGGAAGACAAGTTGGAAGTGAAATCCATGGGCTCAACCCATGA",0.599740244758064,-1.2542501303782,0.122904956160477,0.238501509840949,4.87970756830166,-5.25887710821884,4.61624766034819e-05,1.6991849225107e-05,0.000870911548070897,0.000662682119779172,TRUE,TRUE,FALSE,FALSE,FALSE,FALSE,TRUE
"ACGTAGGTGGCGAGCGTTATCCGGAATTATTGGGCGTAAAGAGGGAGCAGGCGGCACTAAGGGTCTGTGGTGAAAGATCGAAGCTTAACTTCGGT",-0.211236220552362,0.435916308568206,0.131380252374523,0.238093048773131,-1.60782322102865,1.83086533107303,0.114171081251597,0.0730830628653207,0.252038047291262,0.213767958881063,FALSE,FALSE,TRUE,TRUE,FALSE,FALSE,FALSE
"ACGTAGGATGCAAGCGTTATCCGGATTTACTGGGTGTAAAGGGAGCGCAGGCGGGACTGCAAGTTGGATGTGAAATACCGTGGCTTAACCACGGA",0.0713972636444268,-0.084348019548416,0.0755730936772609,0.177082505720021,0.944744487361239,-0.476320454160365,0.37244407958625,0.646583469387034,0.57192314398154,0.79782861710482,FALSE,FALSE,TRUE,TRUE,FALSE,FALSE,FALSE
"ACGTAGGGGGCAAGCGTTATCCGGATTTACTGGGTGTAAAGGGAGCGTAGACGGCAAGGCAAGTCTGAAGTGAAAGCCCGGTGCTTAACGCCGGG",-0.0281405713441748,0.102992992299971,0.120192616389299,0.215643080401436,-0.23412895225634,0.477608611916698,0.816529926053449,0.636509064386373,0.892841134095828,0.79782861710482,FALSE,FALSE,TRUE,TRUE,FALSE,FALSE,FALSE
"ACGTAGGGAGCAAGCGTTGTCCGGATTTACTGGGTGTAAAGGGTGCGTAGGCGGATTGGCAAGTCAGAAGTGAAATCCATGGGCTTAACCCATGA",0.156428538543726,-0.268597172010789,0.124517137647199,0.219546004135479,1.25628119550052,-1.22342090929171,0.216682736251173,0.228703285643176,0.396123127209175,0.469443586320204,FALSE,FALSE,TRUE,TRUE,FALSE,FALSE,FALSE
"ACGGAGGATTCAAGCGTTATCCGGATTTATTGGGTTTAAAGGGTGCGTAGGCGGTTTGATAAGTTAGAGGTGAAATCCCGGGGCTTAACTCCGGA",0.129677692319794,-0.354729480696703,0.121285605032195,0.205055348954003,1.06919277259137,-1.72992064096935,0.297119277242415,0.0983164534984318,0.51121993290239,0.26751221068178,FALSE,FALSE,TRUE,TRUE,FALSE,FALSE,FALSE
"ACGTAGGGTGCAAGCGTTGTCCGGAATTACTGGGTGTAAAGGGAGCGCAGGCGGATTGGCAAGTTGGGAGTGAAATCTATGGGCTCAACCCATAA",-0.110578524682082,-0.0842443445890003,0.123504637047267,0.216182252525426,-0.895339052247582,-0.389691307241291,0.376393863987851,0.698998992231107,0.57192314398154,0.809731505851876,FALSE,FALSE,TRUE,TRUE,FALSE,FALSE,FALSE
"ACGGAAGGTCCGGGCGTTATCCGGATTTATTGGGTTTAAAGGGAGCGTAGGCCGGAGATTAAGCGTGTTGTGAAATGTAGACGCTCAACGTCTGC",0.937922114325733,-1.9243153279761,0.0691823013164276,0.215286454303446,13.5572552008041,-8.93839482006504,2.70621593953087e-07,9.03121247490922e-06,1.58313632462556e-05,0.000528325929782189,TRUE,TRUE,FALSE,FALSE,FALSE,FALSE,TRUE
"ACGGAGGATCCGAGCGTTATCCGGATTTATTGGGTTTAAAGGGAGCGTAGGCGGGTTGTTAAGTCAGTTGTGAAAGTTTGCGGCTCAACCGTAAA",0.0583197538004641,-0.41520218707704,0.0925758910285109,0.182341029813975,0.629966972529631,-2.27706395812632,0.546283854665083,0.0523104996444833,0.734657597653042,0.185464498739532,FALSE,FALSE,TRUE,TRUE,FALSE,FALSE,FALSE
"ACGTAGGGAGCAAGCGTTGTCCGGATTTACTGGGTGTAAAGGGTGCGTAGGCGGCTTTGCAAGTCAGATGTGAAATCTATGGGCTCAACCCATAG",0.130960766887411,-0.122391636348627,0.0510774765592099,0.170029035482575,2.56396313423196,-0.719827857643581,0.0504033647863988,0.503863532472164,0.147429842000216,0.690957310620896,FALSE,FALSE,TRUE,TRUE,FALSE,FALSE,FALSE
"ACGTAGGGGGCAAGCGTTATCCGGATTTACTGGGTGTAAAGGGAGCGCAGACGGCGATGCAAGTCTGGAGTGAAAGCCCGGGGCTCAACCCCGGG",-0.214850674953042,0.188160855692518,0.0880205509541025,0.191610464777473,-2.44091490707748,0.981996760516388,0.0235944968423256,0.337280448644385,0.0783251607673074,0.555800175935114,FALSE,FALSE,TRUE,TRUE,FALSE,FALSE,FALSE
"ACGTATGGAGCAAGCGTTATCCGGATTTACTGGGTGTAAAGGGAGTGTAGGTGGCCAGGCAAGTCAGAAGTGAAAGCCCGGGGCTCAACCCCGGG",-0.282022966170932,0.558112620320974,0.115561827640108,0.201226135026578,-2.4404508991432,2.77355931051033,0.0241000494668638,0.0117219480896161,0.0783251607673074,0.0571444969368783,FALSE,FALSE,TRUE,TRUE,FALSE,FALSE,FALSE
"ACGGAGGATCCAAGCGTTATCCGGATTTATTGGGTTTAAAGGGTGCGTAGGCGGTTTGATAAGTTAGAGGTGAAATACCGGGGCTCAACTCCGGA",-0.349320356029334,0.391779859978674,0.113158797345254,0.201178943475203,-3.08699247627685,1.94741981049803,0.00803736606350054,0.0718268215949123,0.0361681472857524,0.213767958881063,TRUE,FALSE,FALSE,TRUE,FALSE,FALSE,FALSE
"ACGGAGGATGCGAGCGTTATCCGGATTTATTGGGTTTAAAGGGTGCGTAGGTGGTGATTTAAGTCAGCGGTGAAAGTTTGTGGCTCAACCATAAA",-0.0625607347297077,0.153864289858073,0.144639521712095,0.227790502669252,-0.43252863386976,0.675464025299952,0.6692190382171,0.505837591400898,0.819274558982056,0.690957310620896,FALSE,FALSE,TRUE,TRUE,FALSE,FALSE,FALSE
"ACGTAGGTGGCAAGCGTTGTCCGGAATTATTGGGCGTAAAGCGCGCGCAGGCGGCTTCCTAAGTCCATCTTAAAAGTGCGGGGCTTAACCCCGTG",-1.08939533546638,1.14584528756763,0.047300534047515,0.172467981291043,-23.0313538187972,6.64381457352364,2.87060944099713e-06,0.00116461528398474,0.000111953768198888,0.0151399986918016,TRUE,TRUE,FALSE,FALSE,FALSE,FALSE,TRUE
"ACGTAGGTCCCGAGCGTTGTCCGGATTTATTGGGCGTAAAGCGAGCGCAGGTGGTTTATTAAGTCTGGTGTAAAAGGCAGTGGCTCAACCATTGT",0.414695490319689,-0.809073813869788,0.0778807773171197,0.177382479121842,5.32474770547174,-4.56118224232308,0.000706983588426242,0.00184703944737779,0.00551447198972469,0.0190191686753116,TRUE,TRUE,FALSE,FALSE,FALSE,FALSE,TRUE
"ACGGAGGATTCAAGCGTTATCCGGATTTATTGGGTTTAAAGGGTGCGTAGGCGGTTTGATAAGTTAGAGGTGAAATTTCGGGGCTCAACCCTGAA",0.127336619286809,-0.256225155792804,0.164651060366787,0.247181427053047,0.773372603876016,-1.03658741211902,0.443964440217889,0.306312912337821,0.625829391632446,0.534904637963061,FALSE,FALSE,TRUE,TRUE,FALSE,FALSE,FALSE
"ACGTATGGTGCAAGCGTTATCCGGATTTACTGGGTGTAAAGGGTGCGTAGGTGGCAAGGCAAGTCTGAAGTGAAAATCCGGGGCTCAACCCCGGA",-0.0145204145384374,0.0544493358970258,0.144132827686833,0.223949891002468,-0.100743285006431,0.243131781191293,0.920709894420973,0.810262454093255,0.944939102168893,0.877784325267693,FALSE,FALSE,TRUE,TRUE,FALSE,FALSE,FALSE
"ACGGAAGGTCCGGGCGTTATCCGGATTTATTGGGTTTAAAGGGAGCGTAGGCCGGAGATTAAGCGTGTTGTGAAATGTAGATGCTCAACATCTGA",0.387069941871545,-2.47709854510756,0.0842531212469136,0.171526974107636,4.59413177984458,-14.441451894051,0.00250149983565992,1.81919328901844e-06,0.0154039726722216,0.000212845614815158,TRUE,TRUE,FALSE,FALSE,FALSE,FALSE,TRUE
"ACGTAGGGAGCGAGCGTTATCCGGATTTACTGGGTGTAAAGGGCGTGTAGGCGGGGAAGCAAGTCAGATGTGAAAACCAGTGGCTCAACCACTGG",-0.217609185968625,0.356626966612584,0.0968263152635588,0.190318518668685,-2.24741781587266,1.87384269858372,0.0314186837526161,0.0698298579373394,0.0993509729474616,0.213767958881063,FALSE,FALSE,TRUE,TRUE,FALSE,FALSE,FALSE
"ACGTAGGGGGCAAGCGTTATCCGGATTTACTGGGTGTAAAGGGAGCGCAGACGGCACTGCAAGTCTGAAGTGAAAGCCCGGGGCTCAACCCCGGG",-4.88323760929851e-05,0.0280642081197013,0.0945702913914025,0.190917714987409,-0.000516360638996874,0.146996354537095,0.999592657521496,0.884473671748051,0.999592657521496,0.915782474287805,FALSE,FALSE,TRUE,TRUE,FALSE,FALSE,FALSE
"ACGTAGGGGGCAAGCGTTATCCGGATTTACTGGGTGTAAAGGGAGCGTAGACGGATTAGCAAGTCTGATGTGAAAGGCAGGGGCTCAACCCCTGG",0.667609719331885,-0.95484420366158,0.0773083890641313,0.171813882748644,8.63566978194394,-5.55743335978546,2.02843236226905e-07,4.33150837847137e-05,1.58313632462556e-05,0.0010135729605623,TRUE,TRUE,FALSE,FALSE,FALSE,FALSE,TRUE
"ACGTAGGGAGCGAGCGTTGTCCGGAATTACTGGGTGTAAAGGGAGCGTAGGCGGGATCGCAAGTCAGATGTGAAAACTATGGGCTTAACCCATAA",-0.35475625009602,0.789026499692707,0.112221702741716,0.209536463910698,-3.16120894113067,3.76558086820144,0.00366334237633636,0.000753103496437199,0.019482320819607,0.0146855181805254,TRUE,TRUE,FALSE,FALSE,FALSE,FALSE,TRUE
"ACGTATGGAGCAAGCGTTATCCGGATTTACTGGGTGTAAAGGGAGCGTAGGCGGTCCTGCAAGTCTGATGTGAAAGGCCGGGGCTCAACCCCGGG",0.06788245544925,-0.233542614981846,0.0870054060976742,0.196168046838636,0.780209627124131,-1.19052322101139,0.442054031094842,0.244203109067845,0.625829391632446,0.476121149169529,FALSE,FALSE,TRUE,TRUE,FALSE,FALSE,FALSE
"ACAGAGGTCTCAAGCGTTGTTCGGAATCACTGGGCGTAAAGCGTGCGTAGGCTGTTTCGTAAGTCGTGTGTGAAAGGCAGGGGCTCAACCCCTGG",0.143570274538339,-0.0971081167751661,0.168233036879145,0.262465510983536,0.853401193972841,-0.369984293979325,0.421675944011135,0.722334457393064,0.615948937755313,0.828560112892044,FALSE,FALSE,TRUE,TRUE,FALSE,FALSE,FALSE
"ACGTATGGTGCAAGCGTTATCCGGATTTACTGGGTGTAAAGGGAGCGTAGGTGGCAAGGCAAGCCAGAAGTGAAAACCCGGGGCTCAACCGCGGG",0.0454550982730982,-0.0920651408177321,0.126518062589576,0.206207663421728,0.359277539844681,-0.446468086054804,0.721823235653657,0.658362509158245,0.853063823954322,0.79782861710482,FALSE,FALSE,TRUE,TRUE,FALSE,FALSE,FALSE
"ACGTAGGGGGCAAGCGTTGTCCGGAATAATTGGGCGTAAAGGGCGCGTAGGCGGCTCGGTAAGTCTGGAGTGAAAGTCCTGCTTTTAAGGTGGGA",0.201005548315582,-0.393552555784323,0.106192503013128,0.197694321205285,1.89284123278207,-1.99071249687369,0.0710304847979703,0.0585236824030245,0.180664493942664,0.201390318857467,FALSE,FALSE,TRUE,TRUE,FALSE,FALSE,FALSE
"ACGTAGGGGGCAAGCGTTATCCGGATTTACTGGGTGTAAAGGGAGCGCAGGCGGTGCGGCAAGTCTGATGTGAAAGCCCGGGGCTCAACCCCGGG",-0.508341891831217,0.784018923098215,0.0818289980716653,0.193812072360929,-6.21224631622661,4.04525328865049,6.60121771942587e-05,0.00193110973910724,0.000870911548070897,0.0190191686753116,TRUE,TRUE,FALSE,FALSE,FALSE,FALSE,TRUE
"ACGTAGGTGGCAAGCGTTGTCCGGAATTACTGGGTGTAAAGGGAGCGCAGGCGGGTGATCAAGTCAGCTGTGAAAACTACGGGCTTAACCCGTAG",-0.0896225730967772,-0.061975125220198,0.135129165333169,0.217660550638919,-0.663236340399255,-0.284732924906589,0.517242916052646,0.779742186298854,0.705674963424758,0.860658828273263,FALSE,FALSE,TRUE,TRUE,FALSE,FALSE,FALSE
"ACGTAGGGGGCAAGCGTTATCCGGATTTACTGGGTGTAAAGGGAGCGTAGACGGTGTGACAAGTCTGATGTGAAAGGCATGGGCTCAACCTGTGG",0.159724147017145,-0.575796063119881,0.0645024232553441,0.162511471941582,2.47625033225261,-3.5431102570215,0.0560984124761582,0.0165078984081705,0.160085713651476,0.0772569645502378,FALSE,FALSE,TRUE,TRUE,FALSE,FALSE,FALSE
"ACGTAGGTGGCAAGCGTTGTCCGGAATTATTGGGCGTAAAGCGCATGTAGGCGGTTTGGTAAGTCGGTCGTGAAAATGCGGTGCTTAACGCCGTA",0.14199122648246,-0.332826059177888,0.0711537433804853,0.180832699697526,1.99555525453074,-1.84051921878398,0.0929973345937528,0.115295164365117,0.217613762949382,0.297916871508574,FALSE,FALSE,TRUE,TRUE,FALSE,FALSE,FALSE
"ACGTAGGTGGCAAGCGTTGTCCGGATTTACTGGGTGTAAAGGGCGTGCAGCCGGGCCGGCAAGTCAGATGTGAAATCTGGAGGCTTAACCTCCAA",-0.458366313812466,0.644629639104189,0.109028925322325,0.216977933799558,-4.20407990317603,2.97094560638452,0.000206521693820655,0.00569209445870759,0.00219663983427424,0.0350513185088836,TRUE,TRUE,FALSE,FALSE,FALSE,FALSE,TRUE
"ACGTATGGTGCAAGCGTTATCCGGATTTACTGGGTGTAAAGGGAGCGCAGGCGGTACGGCAAGTCTGATGTGAAATCCCGGGGCTCAACCCCGGT",-0.453771755176941,0.315306379885531,0.0688126099269182,0.177424399590584,-6.59431106680687,1.77713088286119,0.000584378727854044,0.125875555506846,0.00488373651135166,0.306821666547936,TRUE,FALSE,FALSE,TRUE,FALSE,FALSE,FALSE
"ACGGAGGATCCGAGCGTTATCCGGATTTATTGGGTTTAAAGGGAGCGTAGATGGGTTGTTAAGTCAGTTGTGAAAGTTTGCGGCTCAACCGTAAA",-0.0440284650923815,1.00342234672636,0.109206905474185,0.18737881831999,-0.403165577315887,5.35504682825355,0.70348808578041,0.00305161006791671,0.839878633023551,0.0238025585297503,FALSE,TRUE,TRUE,FALSE,FALSE,FALSE,TRUE
"ACGTAGGGGGCGAGCGTTGTCCGGAATGATTGGGCGTAAAGGGCGCGTAGGCGGCCTGCTAAGTCTGGAGTGAAAGTCCTGCTTTCAAGGTGGGA",0.0463011725623853,-0.0873576353703371,0.089613129376449,0.206223715517077,0.516678447506081,-0.423606155825969,0.609298716017625,0.674978490052893,0.800988199708563,0.79782861710482,FALSE,FALSE,TRUE,TRUE,FALSE,FALSE,FALSE
"ACGTAGGGGGCAAGCGTTATCCGGATTTACTGGGTGTAAAGGGAGCGTAGACGGCTTTGCAAGTCTGACGTGAAACTCCGGGGCTCAACTCCGGA",-0.0352051950710219,0.193822302878347,0.113274604263123,0.19381720064005,-0.310795127469565,1.00002632500253,0.758755536719721,0.327703338544877,0.878954433625816,0.552930792066058,FALSE,FALSE,TRUE,TRUE,FALSE,FALSE,FALSE
"ACGTAGGGGGCAAGCGTTATCCGGATTTACTGGGTGTAAAGGGAGCGTAGACGGTAAAGCAAGTCTGAAGTGAAAGCCCGGGGCTCAACCCCGGG",0.179583365005271,-0.244274195705464,0.0634564690695721,0.164751150452822,2.83002454498973,-1.48268582667903,0.0100300732771602,0.153010487749229,0.0396238687859902,0.358044541333195,TRUE,FALSE,FALSE,TRUE,FALSE,FALSE,FALSE
"ACGTAGGTGGCAAGCGTTATCCGGAATCATTGGGCGTAAAGGGTGCGTAGGTGGCACGATAAGTCTGAAGTAAAAGGCAACAGCTCAACTGTTGT",-0.239778344430508,0.0568867302352856,0.0815877414281289,0.199031547331747,-2.93890160743976,0.285817655532097,0.0101599663553821,0.778927050463829,0.0396238687859902,0.860658828273263,TRUE,FALSE,FALSE,TRUE,FALSE,FALSE,FALSE
"ACGTAGGTGGCGAGCGTTATCCGGAATTATTGGGCGTAAAGAGGGAGCAGGCGGCGGCAGAGGTCTGTGGTGAAAGACTGAAGCTTAACTTCAGT",0.00254494497307749,-0.247190459587487,0.0725440586372822,0.184589092683537,0.0350813701477901,-1.33913903575697,0.97264337132048,0.207539773391307,0.981028227969794,0.438736037915042,FALSE,FALSE,TRUE,TRUE,FALSE,FALSE,FALSE
"ACGTAGGTGGCGAGCGTTATCCGGAATGATTGGGCGTAAAGGGTGCGTAGGTGGCAGATCAAGTCTGGAGTAAAAGGTATGGGCTCAACCCGTAC",0.0324011601804067,0.451433683628045,0.0658170010447201,0.163654097328031,0.492291652097477,2.75846245831037,0.640005892815504,0.0329209170139151,0.819274558982056,0.132818872090623,FALSE,FALSE,TRUE,TRUE,FALSE,FALSE,FALSE
"ACGTAGGGGGCAAGCGTTATCCGGATTTACTGGGTGTAAAGGGAGCGTAGGCGGCGGAGCAAGTCAGAAGTGAAAGCCCGGGGCTCAACCCCGGG",-0.0855601734855041,0.230175499169593,0.101716128560492,0.18858881573084,-0.841166240756205,1.2205151099634,0.407643173862649,0.232822308667867,0.611464760793974,0.469658795071388,FALSE,FALSE,TRUE,TRUE,FALSE,FALSE,FALSE
"ACGTAGGTGGCAAGCGTTGTCCGGATTTACTGGGTGTAAAGGGCGTGTAGCCGGGAAGGCAAGTCAGATGTGAAATCCACGGGCTCAACTCGTGA",-0.0341270628655372,0.0261447193681246,0.108052130340228,0.196048731776301,-0.315838871090093,0.133358268279729,0.755969422163614,0.895475974488911,0.878954433625816,0.919041131712303,FALSE,FALSE,TRUE,TRUE,FALSE,FALSE,FALSE
"ACGTAGGGAGCGAGCGTTGTCCGGAATTACTGGGCGTAAAGGGTGCGTAGGCGGCTGTGTAAGTCAGATGTGAAATACCGGGGCTTAACCTCGGG",-0.13138788211292,0.183181865571086,0.096260289858474,0.205543101773676,-1.36492298440086,0.891209016456253,0.190071019737183,0.385257303574141,0.360340412776136,0.617467185180472,FALSE,FALSE,TRUE,TRUE,FALSE,FALSE,FALSE
"ACGTAGGGGGCAAGCGTTATCCGGAATTATTGGGCGTAAAGAGTACGTAGGTGGTTTTCTAAGCACGGGGTTTAAGGCAATGGCTTAACCATTGT",-0.256556720865484,0.641505922824925,0.0899381832203251,0.199224707675696,-2.85258954182994,3.22001186654614,0.00765526678120335,0.00300427708453031,0.0358266485360317,0.0238025585297503,TRUE,TRUE,FALSE,FALSE,FALSE,FALSE,TRUE
"ACGTAGGTGGCAAGCGTTGTCCGGATTTACTGGGTGTAAAGGGCGTGTAGCCGGGAGGGCAAGTCAGATGTGAAATCCACGGGCTCAACTCGTGA",0.180826496316236,-0.187426681305565,0.0868373180615581,0.179376471168315,2.082359293824,-1.04487885219738,0.0758205711797171,0.330813294398496,0.188744826128232,0.552930792066058,FALSE,FALSE,TRUE,TRUE,FALSE,FALSE,FALSE
"ACGTAGGTGGCAAGCGTTGTCCGGAATTACTGGGTGTAAAGGGAGCGTAGGCGGGATGCCAAGTCAGCTGTGAAAACTATGGGCTTAACCCGTAG",-0.242805908174502,0.532807851894677,0.0522613377833662,0.160031292039667,-4.64599488786493,3.32939792651682,0.00560231189959727,0.020792694249612,0.0273112705105367,0.0935671241232542,TRUE,FALSE,FALSE,TRUE,FALSE,FALSE,FALSE
"ACGGAGGGTGCAAGCGTTAATCGGAATCACTGGGCGTAAAGCGCACGTAGGCGGCTTGGTAAGTCAGGGGTGAAATCCCACAGCCCAACTGTGGA",-0.106131438754656,0.342956933556968,0.113616264971172,0.212373878506434,-0.934121877546185,1.61487342967453,0.358227403763327,0.117552252251348,0.55883474987079,0.297916871508574,FALSE,FALSE,TRUE,TRUE,FALSE,FALSE,FALSE
"ACCGGCAGCTCTAGTGGTAGCAGTTTTTATTGGGCCTAAAGCGTCCGTAGCCGGTTTAATAAGTCTCTGGTGAAATCCTGCAGCTTAACTGTGGG",-0.00939324628224868,0.699478049278112,0.140984084655973,0.218779427039294,-0.0666262883868766,3.19718384285046,0.948192465433014,0.00953715937491753,0.964682769179675,0.0507203475847887,FALSE,FALSE,TRUE,TRUE,FALSE,FALSE,FALSE
"ACGTAGGTGGCAAGCGTTATCCGGAATTATTGGGCGTAAAGAGGGAGCAGGCGGCAGCAAGGGTCTGTGGTGAAAGACTGAAGCTTAACTTCAGT",-0.555630066008852,0.622481875817495,0.10610456432837,0.19615706881944,-5.23662737343985,3.17338487755687,6.69931960054536e-05,0.00555667973438367,0.000870911548070897,0.0350513185088836,TRUE,TRUE,FALSE,FALSE,FALSE,FALSE,TRUE
"ACGTAGGGGGCAAGCGTTATCCGGATTTACTGGGTGTAAAGGGAGCGTAGACGGCATAACAAGTCTGATGTGAAAGGCTGGGGCTTAACCCCGGG",0.475866925011346,-0.653127462612809,0.0823768881444416,0.191460560191594,5.77670431270662,-3.41128983410069,9.82757057116851e-06,0.00262747161539075,0.000287456439206679,0.0236472445385168,TRUE,TRUE,FALSE,FALSE,FALSE,FALSE,TRUE
"ACGTAGGTGGCAAGCGTTGTCCGGATTTACTGGGTGTAAAGGGCGTGTAGCCGGGAAGGCAAGTCAGATGTGAAATCCACGGGCTTAACTCGTGA",-0.0604754088768775,0.132884661998988,0.080645736082978,0.195136250005667,-0.749889725287561,0.680983989367064,0.464921134252646,0.506258982233552,0.647568722709042,0.690957310620896,FALSE,FALSE,TRUE,TRUE,FALSE,FALSE,FALSE
"ACGTAGGTGGCAAGCGTTATCCGGAATTACTGGGTGTAAAGGGAGCGCAGGCGGGATAGCAAGTCAGCTGTGAAAACTATGGGCTCAACCCATAA",0.301310868208508,-0.458176941324257,0.102097876428366,0.196609727714782,2.95119623197954,-2.33038795511139,0.0112459740974462,0.0365364775408437,0.0411180927937876,0.14249226240929,TRUE,FALSE,FALSE,TRUE,FALSE,FALSE,FALSE
